{"metadata":{"asset_id":"eb6e2e32-60e2-4477-81d0-7df5afad0340","asset_attributes":["data_asset"],"name":"test.tsv","asset_type":"data_asset","created_at":"2023-10-02T19:14:53Z","origin_country":"us","owner_id":"IBMid-310002E3QY","project_id":"bb371fef-cf3e-490a-8f2e-c20f2d4e4e50","size":3639,"usage":{"last_update_time":1696274093510,"last_updated_at":"2023-10-02T19:14:53Z"}},"entity":{"data_asset":{"mime_type":"text/tab-separated-values","dataset":false},"location_definition":{"physical_location_code_assignment_method":"INFERRED","physical_location_code":"DAL","physical_location_code_assigned_by":"IBMid-310002E3QY","physical_location_code_added_on":"1696249494110","physical_location_code_rds_version":"85628198-6c07-42b0-b87b-6ae868f2d78e_0","physical_location_code_rds_id":"c57cb90f-2126-3800-9c9f-9eab82021cdf"}},"attachments":[{"id":"2435d455-3522-4ed9-8053-929be07a9ce6","version":2,"asset_type":"data_asset","name":"test.tsv","mime":"text/tab-separated-values","datasource_type":"193a97c1-4475-4a19-b90c-295c4fdc6517","object_key":"test.tsv","creator_id":"IBMid-310002E3QY","create_time":1696274094021,"size":3639,"is_remote":false,"is_managed":false,"is_referenced":true,"is_object_key_read_only":true,"is_user_provided_path_key":true,"transfer_complete":true,"is_partitioned":false,"complete_time_ticks":1696274094021,"user_data":{},"test_doc":0,"handle":{"bucket":"watsonxworkshop-donotdelete-pr-jwsedjgmtfh4lu","location":"us-south","type":"bluemix_cos","key":"test.tsv","upload_id":"done","max_part_num":1},"usage":{"access_count":0,"last_accessor_id":"IBMid-310002E3QY","last_access_time":1696274094021}}]}
