{"metadata":{"asset_id":"44af9743-af2c-4032-b984-dba19790c1b0","asset_attributes":["notebook"],"name":"Python to Rust","asset_type":"notebook","created_at":"2023-10-02T14:15:46Z","description":"Python to Rust Code Translation Example","origin_country":"us","owner_id":"IBMid-310002E3QY","project_id":"bb371fef-cf3e-490a-8f2e-c20f2d4e4e50","size":8141,"tags":["notebook"],"usage":{"last_update_time":1696256147036,"last_updated_at":"2023-10-02T14:15:47Z"}},"entity":{"notebook":{"originates_from":{"type":"blank"},"runtime":{"environment":"rt222pys1-bb371fef-cf3e-490a-8f2e-c20f2d4e4e50"}},"location_definition":{"physical_location_code":"DAL","physical_location_code_assigned_by":"IBMid-310002E3QY","physical_location_code_rds_id":"c57cb90f-2126-3800-9c9f-9eab82021cdf","physical_location_code_rds_version":"85628198-6c07-42b0-b87b-6ae868f2d78e_0","physical_location_code_assignment_method":"INFERRED","physical_location_code_added_on":"1696249494110"}},"attachments":[{"id":"014dc377-7e39-4d1e-8ad8-92add2e90a80","version":2,"asset_type":"notebook","name":"attachment for notebook 44af9743-af2c-4032-b984-dba19790c1b0","description":"attachment for notebook 44af9743-af2c-4032-b984-dba19790c1b0","mime":"application/json","datasource_type":"193a97c1-4475-4a19-b90c-295c4fdc6517","object_key":"notebook/PythontoRust-wxnotebook__da__xyfdlaa7np.ipynb","creator_id":"IBMid-310002E3QY","create_time":1696256147034,"size":8141,"is_remote":false,"is_managed":false,"is_referenced":true,"is_object_key_read_only":false,"is_user_provided_path_key":true,"transfer_complete":true,"is_partitioned":false,"complete_time_ticks":1696256147034,"user_data":{},"test_doc":0,"handle":{"bucket":"watsonxworkshop-donotdelete-pr-jwsedjgmtfh4lu","location":"us-south","type":"bluemix_cos","key":"notebook/PythontoRust-wxnotebook__da__xyfdlaa7np.ipynb","upload_id":"done","max_part_num":1},"usage":{"access_count":0,"last_accessor_id":"IBMid-310002E3QY","last_access_time":1696256147034}}]}
