{"metadata":{"asset_id":"3f6edf63-f99d-44f3-9107-adb2f03bb447","asset_attributes":["notebook"],"name":"RAG - WatsonX Notebook","asset_type":"notebook","created_at":"2023-10-02T12:27:18Z","description":"RAG Inquiry Notebook","origin_country":"us","owner_id":"IBMid-310002E3QY","project_id":"bb371fef-cf3e-490a-8f2e-c20f2d4e4e50","size":23384,"tags":["notebook"],"usage":{"last_update_time":1696275564853,"last_updated_at":"2023-10-02T19:39:24Z"}},"entity":{"notebook":{"kernel":{"name":"python3","display_name":"Python 3.10","language":"python"},"originates_from":{"type":"file"},"runtime":{"environment":"rt222pys1-bb371fef-cf3e-490a-8f2e-c20f2d4e4e50"}},"location_definition":{"physical_location_code":"DAL","physical_location_code_assigned_by":"IBMid-310002E3QY","physical_location_code_rds_id":"c57cb90f-2126-3800-9c9f-9eab82021cdf","physical_location_code_rds_version":"85628198-6c07-42b0-b87b-6ae868f2d78e_0","physical_location_code_assignment_method":"INFERRED","physical_location_code_added_on":"1696249494110"}},"attachments":[{"id":"e92f52bd-4b2f-4648-94f2-4e594cc94456","version":2,"asset_type":"notebook","name":"attachment for notebook 3f6edf63-f99d-44f3-9107-adb2f03bb447","description":"attachment for notebook 3f6edf63-f99d-44f3-9107-adb2f03bb447","mime":"application/json","datasource_type":"193a97c1-4475-4a19-b90c-295c4fdc6517","object_key":"notebook/RAG_-_WatsonX_Notebook_xOpvUxXoy.ipynb","creator_id":"IBMid-310002E3QY","create_time":1696249638829,"size":23384,"is_remote":false,"is_managed":false,"is_referenced":true,"is_object_key_read_only":false,"is_user_provided_path_key":true,"transfer_complete":true,"is_partitioned":false,"complete_time_ticks":1696249638829,"user_data":{},"test_doc":0,"handle":{"bucket":"watsonxworkshop-donotdelete-pr-jwsedjgmtfh4lu","location":"us-south","type":"bluemix_cos","key":"notebook/RAG_-_WatsonX_Notebook_xOpvUxXoy.ipynb","upload_id":"done","max_part_num":1},"usage":{"access_count":25,"last_accessor_id":"IBMid-310002E3QY","last_access_time":1696275561494,"last_updater_id":"IBMid-310002E3QY","last_update_time":1696275561494}}]}
